accept,verb,accepted,,accepting,accepts
answer,verb,answered,,answering,answers
arrive,verb,arrived,,arriving,arrives
ask,verb,asked,,asking,asks
believe,verb,believed,,believing,believes
break,verb,broke,broken,breaking,breaks
build,verb,built,built,building,builds
call,verb,called,,calling,calls
change,verb,changed,,changing,changes
choose,verb,chose,chosen,choosing,chooses
clean,verb,cleaned,,cleaning,cleans
close,verb,closed,,closing,closes
collect,verb,collected,,collecting,collects
cook,verb,cooked,,cooking,cooks
cut,verb,cut,cut,cutting,cuts
disappear,verb,disappeared,,disappearing,disappears
draw,verb,drew,drawn,drawing,draws
eat,verb,ate,eaten,eating,eats
exercise,verb,exercised,,exercising,exercises
exist,verb,existed,,existing,exists
fall,verb,fell,fallen,falling,falls
feed,verb,fed,fed,feeding,feeds
finish,verb,finished,,finishing,finishes
fix,verb,fixed,,fixing,fixes
follow,verb,followed,,following,follows
forget,verb,forgot,forgotten,forgetting,forgets
greet,verb,greeted,,greeting,greets
hand,verb,handed,,handing,hands
happen,verb,happened,,happening,happens
hate,verb,hated,,hating,hates
hear,verb,heard,heard,hearing,hears
help,verb,helped,,helping,helps
hit,verb,hit,hit,hitting,hits
hold,verb,held,held,holding,holds
join,verb,joined,,joining,joins
jump,verb,jumped,,jumping,jumps
know,verb,knew,known,knowing,knows
leave,verb,left,left,leaving,leaves
lift,verb,lifted,,lifting,lifts
lose,verb,lost,lost,losing,loses
love,verb,loved,,loving,loves
meet,verb,met,met,meeting,meets
move,verb,moved,,moving,moves
need,verb,needed,,needing,needs
open,verb,opened,,opening,opens
paint,verb,painted,,painting,paints
pass,verb,passed,,passing,passes
play,verb,played,,playing,plays
promise,verb,promised,,promising,promises
remember,verb,remembered,,remembering,remembers
repair,verb,repaired,,repairing,repairs
rest,verb,rested,,resting,rests
rise,verb,rose,risen,rising,rises
save,verb,saved,,saving,saves
sell,verb,sold,sold,selling,sells
serve,verb,served,,serving,serves
sit,verb,sat,sat,sitting,sits
stand,verb,stood,stood,standing,stands
start,verb,started,,starting,starts
stay,verb,stayed/staid,staid,staying,stays/staves
stop,verb,stopped,,stopping,stops
study,verb,studied,,studying,studies
swim,verb,swam,swum,swimming,swims
take,verb,took,taken,taking,takes
talk,verb,talked,,talking,talks
touch,verb,touched,,touching,touches
travel,verb,traveled/travelled,,traveling/travelling,travels
understand,verb,understood,understood,understanding,understands
visit,verb,visited,,visiting,visits
want,verb,wanted,,wanting,wants
wash,verb,washed,,washing,washes
watch,verb,watched,,watching,watches
work,verb,worked,,working,works
